{
  "written_at": "2026-04-01T21:57:43.136010+00:00",
  "columns": {
    "processing_time_ms": {
      "mean": 1821.9890510948906,
      "stddev": 529.1147177078586
    },
    "fact_confidence": {
      "mean": 0.843029197080292,
      "stddev": 0.08152811974553975
    },
    "fact_page_ref": {
      "mean": 13.47080291970803,
      "stddev": 3.998290121424785
    }
  }
}