{
  "written_at": "2026-04-04T23:47:47.242627+00:00",
  "columns": {
    "processing_time_ms": {
      "mean": 1821.9890510948906,
      "stddev": 529.1147177078586
    },
    "fact_confidence": {
      "mean": 0.8397445255474453,
      "stddev": 0.09605939319609844
    },
    "fact_page_ref": {
      "mean": 13.47080291970803,
      "stddev": 3.998290121424785
    }
  }
}